ID,name,createdAt,createdBy,modifiedAt,modifiedBy
26820129-12ae-4acc-b69c-67be7ac7abc5,name-26820129,2022-07-05T00:00:00.000Z,createdBy.fyujl@example.com,2011-06-11T00:00:00.000Z,modifiedBy.fyujl@example.net
30341535-f1f2-4dd0-9ea3-f2421b1da617,name-3034153,2017-09-11T00:00:00.000Z,createdBy.1t161@example.org,2022-05-29T00:00:00.000Z,modifiedBy.1t161@example.org
30341541-4c59-4efc-a4f7-1ddbfeb11576,name-3034154,2018-12-01T00:00:00.000Z,createdBy.1t162@example.org,2006-04-29T00:00:00.000Z,modifiedBy.1t162@example.com
3034155a-13c7-4c25-88d8-4d566023e77f,name-3034155,2021-02-25T00:00:00.000Z,createdBy.1t163@example.com,2020-04-09T00:00:00.000Z,modifiedBy.1t163@example.org
30341567-be00-4d11-9344-c923fd2afc15,name-3034156,2004-05-23T00:00:00.000Z,createdBy.1t164@example.com,2004-01-12T00:00:00.000Z,modifiedBy.1t164@example.org
30341570-0d2c-4189-b8a4-07b13c29a017,name-3034157,2020-03-12T00:00:00.000Z,createdBy.1t165@example.org,2005-09-21T00:00:00.000Z,modifiedBy.1t165@example.org
30341581-fb6a-4ea2-9b7d-0fd885c68f3b,name-3034158,2013-09-07T00:00:00.000Z,createdBy.1t166@example.net,2006-09-18T00:00:00.000Z,modifiedBy.1t166@example.net
3034159b-bdef-4969-a28b-2ddf2edb66ec,name-3034159,2019-01-03T00:00:00.000Z,createdBy.1t167@example.org,2022-04-05T00:00:00.000Z,modifiedBy.1t167@example.com
30341603-aef0-4390-96bd-4512282ac845,name-3034160,2007-03-13T00:00:00.000Z,createdBy.1t168@example.org,2010-08-31T00:00:00.000Z,modifiedBy.1t168@example.net
3034161f-c9de-48bc-a58d-6e9080f7ec69,name-3034161,2022-06-09T00:00:00.000Z,createdBy.1t169@example.com,2002-03-20T00:00:00.000Z,modifiedBy.1t169@example.com
