ID,title,descr,stock,price,currency_code,category_ID,authors_ID,createdAt,createdBy,modifiedAt,modifiedBy
714025b7-eaa6-406f-9912-e325b4ae434c,title-714025,descr-714025,77,2468350.97,976,19029960-85c8-4d71-9bf1-2ddf7caeac06,26820129-12ae-4acc-b69c-67be7ac7abc5,2008-09-27T00:00:00.000Z,createdBy.fay1@example.net,2002-12-14T00:00:00.000Z,modifiedBy.fay1@example.org
71402607-b2b5-4320-90d3-8a0ce2ab992a,title-714026,descr-714026,48,9718053.72,976,19029960-85c8-4d71-9bf1-2ddf7caeac06,26820129-12ae-4acc-b69c-67be7ac7abc5,2019-02-13T00:00:00.000Z,createdBy.fay2@example.net,2003-03-25T00:00:00.000Z,modifiedBy.fay2@example.net
714027bd-33b8-42ab-b478-9fee4ffd62fe,title-714027,descr-714027,16,4582617.52,976,19029960-85c8-4d71-9bf1-2ddf7caeac06,26820129-12ae-4acc-b69c-67be7ac7abc5,2018-09-15T00:00:00.000Z,createdBy.fay3@example.org,2007-03-16T00:00:00.000Z,modifiedBy.fay3@example.com
71402810-827c-43d5-ac39-b10baa932bd7,title-714028,descr-714028,16,9652489.41,976,19029960-85c8-4d71-9bf1-2ddf7caeac06,26820129-12ae-4acc-b69c-67be7ac7abc5,2012-06-28T00:00:00.000Z,createdBy.fay4@example.net,2015-01-28T00:00:00.000Z,modifiedBy.fay4@example.org
7140294b-7a54-4c35-9b6d-f5530356f14c,title-714029,descr-714029,87,4610454.84,976,19029960-85c8-4d71-9bf1-2ddf7caeac06,26820129-12ae-4acc-b69c-67be7ac7abc5,2020-11-20T00:00:00.000Z,createdBy.fay5@example.org,2000-03-31T00:00:00.000Z,modifiedBy.fay5@example.com
714030a7-404f-492c-a59c-e9afdf3d9e06,title-714030,descr-714030,85,3502201.74,976,19029960-85c8-4d71-9bf1-2ddf7caeac06,26820129-12ae-4acc-b69c-67be7ac7abc5,2008-07-03T00:00:00.000Z,createdBy.fay6@example.net,2017-07-26T00:00:00.000Z,modifiedBy.fay6@example.com
71403151-f8cb-4c05-9c60-9c42ba8a5bf5,title-714031,descr-714031,95,3076608.29,976,19029960-85c8-4d71-9bf1-2ddf7caeac06,26820129-12ae-4acc-b69c-67be7ac7abc5,2020-10-05T00:00:00.000Z,createdBy.fay7@example.org,2001-03-27T00:00:00.000Z,modifiedBy.fay7@example.com
7140325e-7abe-4712-a40f-24179c64cc6b,title-714032,descr-714032,45,1656199.67,976,19029960-85c8-4d71-9bf1-2ddf7caeac06,26820129-12ae-4acc-b69c-67be7ac7abc5,2005-05-22T00:00:00.000Z,createdBy.fay8@example.org,2014-08-15T00:00:00.000Z,modifiedBy.fay8@example.net
7140337d-c909-4e5f-9bc2-904c8312c738,title-714033,descr-714033,100,8662826.14,976,19029960-85c8-4d71-9bf1-2ddf7caeac06,26820129-12ae-4acc-b69c-67be7ac7abc5,2012-12-20T00:00:00.000Z,createdBy.fay9@example.org,2019-12-03T00:00:00.000Z,modifiedBy.fay9@example.com
71403423-0f76-490a-b96c-a85ffbdd387d,title-714034,descr-714034,79,5185080.35,976,19029960-85c8-4d71-9bf1-2ddf7caeac06,26820129-12ae-4acc-b69c-67be7ac7abc5,2017-07-30T00:00:00.000Z,createdBy.faya@example.net,2003-04-07T00:00:00.000Z,modifiedBy.faya@example.org
82181523-1892-4f31-99ac-e8eeb2090ce3,title-8218152,descr-8218152,85,5309098.74,976,19029960-85c8-4d71-9bf1-2ddf7caeac06,26820129-12ae-4acc-b69c-67be7ac7abc5,2003-10-31T00:00:00.000Z,createdBy.4w560@example.net,2020-08-04T00:00:00.000Z,modifiedBy.4w560@example.net
18667033-66af-46d7-87eb-88bd2e7f7266,title-1866703,descr-1866703,22,284162.26,240,19029960-85c8-4d71-9bf1-2ddf7caeac06,30341535-f1f2-4dd0-9ea3-f2421b1da617,2006-09-23T00:00:00.000Z,createdBy.140cv@example.net,2019-06-24T00:00:00.000Z,modifiedBy.140cv@example.net
10729121-2a53-4df7-beeb-25168cd48dc1,title-10729121,descr-10729121,5,5307146.49,240,19029960-85c8-4d71-9bf1-2ddf7caeac06,30341541-4c59-4efc-a4f7-1ddbfeb11576,2013-05-27T00:00:00.000Z,createdBy.6dyn5@example.com,2021-01-09T00:00:00.000Z,modifiedBy.6dyn5@example.com
30317736-54da-4e0d-808a-16d926169f2d,title-30317736,descr-30317736,35,5968186.12,240,19029960-85c8-4d71-9bf1-2ddf7caeac06,3034155a-13c7-4c25-88d8-4d566023e77f,2004-05-23T00:00:00.000Z,createdBy.i1tbc@example.com,2016-10-07T00:00:00.000Z,modifiedBy.i1tbc@example.org
64761930-f42c-4212-9c13-97aaf2a8812a,title-6476193,descr-6476193,64,4300541.12,240,19029960-85c8-4d71-9bf1-2ddf7caeac06,30341567-be00-4d11-9344-c923fd2afc15,2014-07-23T00:00:00.000Z,createdBy.3ut29@example.org,2016-01-09T00:00:00.000Z,modifiedBy.3ut29@example.org
93547928-2d85-4617-8dd4-8302c0d8268b,title-9354792,descr-9354792,40,9698029.01,240,19029960-85c8-4d71-9bf1-2ddf7caeac06,30341570-0d2c-4189-b8a4-07b13c29a017,2021-01-07T00:00:00.000Z,createdBy.5ki7c@example.net,2015-01-04T00:00:00.000Z,modifiedBy.5ki7c@example.com
13159999-f57c-4f15-b929-4f5882eeab46,title-13159999,descr-13159999,82,9123328.45,240,19029960-85c8-4d71-9bf1-2ddf7caeac06,30341581-fb6a-4ea2-9b7d-0fd885c68f3b,2016-11-20T00:00:00.000Z,createdBy.7u2bj@example.com,2004-04-14T00:00:00.000Z,modifiedBy.7u2bj@example.com
18288148-872d-4546-98db-2ee4e948c865,title-1828814,descr-1828814,72,1027104.1,240,19029960-85c8-4d71-9bf1-2ddf7caeac06,3034159b-bdef-4969-a28b-2ddf2edb66ec,2009-09-10T00:00:00.000Z,createdBy.1374e@example.com,2012-10-25T00:00:00.000Z,modifiedBy.1374e@example.org
23536645-9a3d-45d0-8c0c-843f6cdff04d,title-23536645,descr-23536645,7,4111965.59,240,19029960-85c8-4d71-9bf1-2ddf7caeac06,30341603-aef0-4390-96bd-4512282ac845,2002-06-20T00:00:00.000Z,createdBy.e0gzp@example.net,2012-02-06T00:00:00.000Z,modifiedBy.e0gzp@example.org
15632631-b959-4f41-876f-9bfe27163dd1,title-15632631,descr-15632631,63,1235102.69,240,19029960-85c8-4d71-9bf1-2ddf7caeac06,3034161f-c9de-48bc-a58d-6e9080f7ec69,2018-10-08T00:00:00.000Z,createdBy.9b27r@example.org,2002-02-18T00:00:00.000Z,modifiedBy.9b27r@example.com
